"BROKEN","EPIC","FAILED","FEATURE","PASSED","SKIPPED","STORY","UNKNOWN"
"0","","0","","124","244","","0"
"0","","0","CRUD read paths (mocked HTTP)","3","0","","0"
"0","","0","Invitation and public-access stories (mocked HTTP)","4","0","","0"
"0","","0","SDK smoke placeholder","1","0","","0"
"0","","0","HTTP API smoke against mocked transport","2","0","","0"
"0","","0","CRUD smoke (mocked HTTP)","1","0","","0"
"0","","0","Invitation list (mocked HTTP)","1","0","","0"
"0","","0","Auth and validation errors (mocked HTTP)","2","0","","0"
"0","","0","Transport retries (mocked HTTP)","1","0","","0"
