"DESCRIPTION","DURATION IN MS","NAME","PARENT SUITE","START TIME","STATUS","STOP TIME","SUB SUITE","SUITE","TEST CLASS","TEST METHOD"
"","0","Test_openapi_PublicAccessAPIService/Test_PublicAccessAPIService_PostPublicSessionCancel","","Sun Oct 04 08:09:39 UTC 2026","skipped","Sun Oct 04 08:09:39 UTC 2026","","sdk-go","",""
"","0","Test_openapi_StoreAPIService/Test_StoreAPIService_ListMyStores","","Sun Oct 04 08:09:39 UTC 2026","skipped","Sun Oct 04 08:09:39 UTC 2026","","sdk-go","",""
"","8","TestGherkinTier1/Public_invite_claim_returns_a_session_envelope","","Sun Oct 04 08:09:39 UTC 2026","passed","Sun Oct 04 08:09:39 UTC 2026","","sdk-go","",""
"","0","test_resource_not_found_from_bridge_payload","tests.unit","Sun Oct 04 08:08:19 UTC 2026","passed","Sun Oct 04 08:08:19 UTC 2026","","test_get_by_name_errors","",""
"","0","Test_openapi_StoreAPIService/Test_StoreAPIService_DeletePortal","","Sun Oct 04 08:09:39 UTC 2026","skipped","Sun Oct 04 08:09:39 UTC 2026","","sdk-go","",""
"","0","Test_openapi_OrgInvitationsAPIService/Test_OrgInvitationsAPIService_CreateInvitation","","Sun Oct 04 08:09:39 UTC 2026","skipped","Sun Oct 04 08:09:39 UTC 2026","","sdk-go","",""
"","0","test_scripting_create_execution_posts_script","tests.unit","Sun Oct 04 08:08:19 UTC 2026","passed","Sun Oct 04 08:08:19 UTC 2026","","test_client","",""
"","0","Test_openapi_DirectoryListingMembersAPIService/Test_DirectoryListingMembersAPIService_ListDirectoryListingMembers","","Sun Oct 04 08:09:39 UTC 2026","skipped","Sun Oct 04 08:09:39 UTC 2026","","sdk-go","",""
"","0","Test_openapi_GroupsAPIService/Test_GroupsAPIService_UpdateGroup","","Sun Oct 04 08:09:39 UTC 2026","skipped","Sun Oct 04 08:09:39 UTC 2026","","sdk-go","",""
"","0","Test_openapi_StoreAPIService/Test_StoreAPIService_DeleteProduct","","Sun Oct 04 08:09:39 UTC 2026","skipped","Sun Oct 04 08:09:39 UTC 2026","","sdk-go","",""
"","0","Test_openapi_BillingAPIService/Test_BillingAPIService_GetOrgBillingUsage","","Sun Oct 04 08:09:39 UTC 2026","skipped","Sun Oct 04 08:09:39 UTC 2026","","sdk-go","",""
"","0","test_device_channel_count_refresh_posts_to_device_action","tests.unit","Sun Oct 04 08:08:19 UTC 2026","passed","Sun Oct 04 08:08:19 UTC 2026","","test_client","",""
"","0","Test_openapi_EntitiesAPIService/Test_EntitiesAPIService_DeleteEntity","","Sun Oct 04 08:09:39 UTC 2026","skipped","Sun Oct 04 08:09:39 UTC 2026","","sdk-go","",""
"","0","Test_openapi_EntitiesAPIService/Test_EntitiesAPIService_RestoreEntity","","Sun Oct 04 08:09:39 UTC 2026","skipped","Sun Oct 04 08:09:39 UTC 2026","","sdk-go","",""
"","1","test_entity_handle_aliases_map_to_actions[off-off]","tests.unit","Sun Oct 04 08:08:19 UTC 2026","passed","Sun Oct 04 08:08:19 UTC 2026","","test_client","",""
"","0","Test_openapi_LocationsAPIService/Test_LocationsAPIService_CreateOrgLocation","","Sun Oct 04 08:09:39 UTC 2026","skipped","Sun Oct 04 08:09:39 UTC 2026","","sdk-go","",""
"","1","test_me_profile_gets_profile_route","tests.unit","Sun Oct 04 08:08:19 UTC 2026","passed","Sun Oct 04 08:08:19 UTC 2026","","test_client","",""
"","0","Test_openapi_AgentsAPIService/Test_AgentsAPIService_PmsInbound","","Sun Oct 04 08:09:39 UTC 2026","skipped","Sun Oct 04 08:09:39 UTC 2026","","sdk-go","",""
"","0","Test_openapi_UsersAPIService/Test_UsersAPIService_DeleteRoles","","Sun Oct 04 08:09:39 UTC 2026","skipped","Sun Oct 04 08:09:39 UTC 2026","","sdk-go","",""
"","0","Test_openapi_ZonesAPIService/Test_ZonesAPIService_UpdateZone","","Sun Oct 04 08:09:39 UTC 2026","skipped","Sun Oct 04 08:09:39 UTC 2026","","sdk-go","",""
"","5","TestGherkinTier1/Revoked_token_surfaces_as_AuthError_on_org_list","","Sun Oct 04 08:09:39 UTC 2026","passed","Sun Oct 04 08:09:39 UTC 2026","","sdk-go","",""
"","1","Test_openapi_StoreAPIService/Test_StoreAPIService_ListStores","","Sun Oct 04 08:09:39 UTC 2026","skipped","Sun Oct 04 08:09:39 UTC 2026","","sdk-go","",""
"","0","test_openapp_http_api_against_broker","tests.contract","Sun Oct 04 08:08:19 UTC 2026","skipped","Sun Oct 04 08:08:19 UTC 2026","","test_broker_provider_optional","",""
"","0","Test_openapi_MediaAPIService/Test_MediaAPIService_PostIntegrationImage","","Sun Oct 04 08:09:39 UTC 2026","skipped","Sun Oct 04 08:09:39 UTC 2026","","sdk-go","",""
"","0","Test_openapi_UsersAPIService/Test_UsersAPIService_SearchUsers","","Sun Oct 04 08:09:39 UTC 2026","skipped","Sun Oct 04 08:09:39 UTC 2026","","sdk-go","",""
"","0","Test_openapi_PublicAccessAPIService/Test_PublicAccessAPIService_PostPublicPortalLights","","Sun Oct 04 08:09:39 UTC 2026","skipped","Sun Oct 04 08:09:39 UTC 2026","","sdk-go","",""
"","0","Test_openapi_HouseholdInvitationsAPIService/Cancel","","Sun Oct 04 08:09:39 UTC 2026","skipped","Sun Oct 04 08:09:39 UTC 2026","","sdk-go","",""
"","0","Test_openapi_PoliciesAPIService/Test_PoliciesAPIService_DeleteIntegrationPolicy","","Sun Oct 04 08:09:39 UTC 2026","skipped","Sun Oct 04 08:09:39 UTC 2026","","sdk-go","",""
"","9","TestBridgeGetRoundtrip","","Sun Oct 04 08:09:39 UTC 2026","passed","Sun Oct 04 08:09:39 UTC 2026","","sdk-go","",""
"","0","test_zones_get_by_name","tests.unit","Sun Oct 04 08:08:19 UTC 2026","passed","Sun Oct 04 08:08:19 UTC 2026","","test_get_by_name","",""
"","1","test_sync_client_mirrors_async","tests.unit","Sun Oct 04 08:08:19 UTC 2026","passed","Sun Oct 04 08:08:19 UTC 2026","","test_client","",""
"","0","test_integration_channel_count_refresh_posts_to_discovery_action","tests.unit","Sun Oct 04 08:08:19 UTC 2026","passed","Sun Oct 04 08:08:19 UTC 2026","","test_client","",""
"","0","Test_openapi_AuditAPIService/Test_AuditAPIService_TestWebhook","","Sun Oct 04 08:09:39 UTC 2026","skipped","Sun Oct 04 08:09:39 UTC 2026","","sdk-go","",""
"","0","Test_openapi_AuditAPIService/Test_AuditAPIService_ListAuditExports","","Sun Oct 04 08:09:39 UTC 2026","skipped","Sun Oct 04 08:09:39 UTC 2026","","sdk-go","",""
"","0","test_ambiguous_resource_from_bridge_payload","tests.unit","Sun Oct 04 08:08:19 UTC 2026","passed","Sun Oct 04 08:08:19 UTC 2026","","test_get_by_name_errors","",""
"","0","Test_openapi_ZonesAPIService/Test_ZonesAPIService_HardDeleteZone","","Sun Oct 04 08:09:39 UTC 2026","skipped","Sun Oct 04 08:09:39 UTC 2026","","sdk-go","",""
"","0","Test_openapi_MediaAPIService/Test_MediaAPIService_GetDeviceImage","","Sun Oct 04 08:09:39 UTC 2026","skipped","Sun Oct 04 08:09:39 UTC 2026","","sdk-go","",""
"","0","Test_openapi_PoliciesAPIService/Test_PoliciesAPIService_ListPolicyApprovals","","Sun Oct 04 08:09:39 UTC 2026","skipped","Sun Oct 04 08:09:39 UTC 2026","","sdk-go","",""
"","1","test_devices_get_by_name","tests.unit","Sun Oct 04 08:08:19 UTC 2026","passed","Sun Oct 04 08:08:19 UTC 2026","","test_get_by_name","",""
"","0","Test_openapi_DevicesAPIService/Test_DevicesAPIService_UpdateDevice","","Sun Oct 04 08:09:39 UTC 2026","skipped","Sun Oct 04 08:09:39 UTC 2026","","sdk-go","",""
"","0","Test_openapi_IntegrationsAPIService/Test_IntegrationsAPIService_ListIntegrationOps","","Sun Oct 04 08:09:39 UTC 2026","skipped","Sun Oct 04 08:09:39 UTC 2026","","sdk-go","",""
"","0","Test_openapi_APIKeysAPIService/Test_APIKeysAPIService_UpdateApiKey","","Sun Oct 04 08:09:39 UTC 2026","skipped","Sun Oct 04 08:09:39 UTC 2026","","sdk-go","",""
"","0","Test_openapi_UsersAPIService/Test_UsersAPIService_DeleteUser","","Sun Oct 04 08:09:39 UTC 2026","skipped","Sun Oct 04 08:09:39 UTC 2026","","sdk-go","",""
"","5","Test_openapi_MeAPIService","","Sun Oct 04 08:09:39 UTC 2026","passed","Sun Oct 04 08:09:39 UTC 2026","","sdk-go","",""
"","5","TestCoreRoundTripper_StreamOptInHeaderOverJSONAccept","","Sun Oct 04 08:09:39 UTC 2026","passed","Sun Oct 04 08:09:39 UTC 2026","","sdk-go","",""
"","0","Test_openapi_PublicAccessAPIService/Test_PublicAccessAPIService_GetPublicPortal","","Sun Oct 04 08:09:39 UTC 2026","skipped","Sun Oct 04 08:09:39 UTC 2026","","sdk-go","",""
"","0","Test_openapi_StoreAPIService/Test_StoreAPIService_RemoveMember","","Sun Oct 04 08:09:39 UTC 2026","skipped","Sun Oct 04 08:09:39 UTC 2026","","sdk-go","",""
"","0","Test_openapi_DevicesAPIService/Test_DevicesAPIService_RestoreDevice","","Sun Oct 04 08:09:39 UTC 2026","skipped","Sun Oct 04 08:09:39 UTC 2026","","sdk-go","",""
"","0","Test_openapi_PublicAccessAPIService/Test_PublicAccessAPIService_GetPublicPortalTargets","","Sun Oct 04 08:09:39 UTC 2026","skipped","Sun Oct 04 08:09:39 UTC 2026","","sdk-go","",""
"","5","TestGherkinTier1/Empty_org_name_surfaces_as_ApiError","","Sun Oct 04 08:09:39 UTC 2026","passed","Sun Oct 04 08:09:39 UTC 2026","","sdk-go","",""
"","0","Test_openapi_BillingAPIService/Test_BillingAPIService_PostAdminQuotaOverride","","Sun Oct 04 08:09:39 UTC 2026","skipped","Sun Oct 04 08:09:39 UTC 2026","","sdk-go","",""
"","0","Test_openapi_AgentsAPIService/Test_AgentsAPIService_OauthProtectedResource","","Sun Oct 04 08:09:39 UTC 2026","skipped","Sun Oct 04 08:09:39 UTC 2026","","sdk-go","",""
"","0","Test_openapi_StoreAPIService/Test_StoreAPIService_StoreStatement","","Sun Oct 04 08:09:39 UTC 2026","skipped","Sun Oct 04 08:09:39 UTC 2026","","sdk-go","",""
"","0","Test_openapi_StoreAPIService/Test_StoreAPIService_DeleteStore","","Sun Oct 04 08:09:39 UTC 2026","skipped","Sun Oct 04 08:09:39 UTC 2026","","sdk-go","",""
"","0","Test_openapi_IntegrationsAPIService/Test_IntegrationsAPIService_RestoreIntegration","","Sun Oct 04 08:09:39 UTC 2026","skipped","Sun Oct 04 08:09:39 UTC 2026","","sdk-go","",""
"","0","Test_openapi_HouseholdInvitationsAPIService/Redeem","","Sun Oct 04 08:09:39 UTC 2026","skipped","Sun Oct 04 08:09:39 UTC 2026","","sdk-go","",""
"","0","test_connect_rejects_malformed_token","tests.unit","Sun Oct 04 08:08:19 UTC 2026","passed","Sun Oct 04 08:08:19 UTC 2026","","test_client","",""
"","5","Test_openapi_GroupsAPIService","","Sun Oct 04 08:09:39 UTC 2026","passed","Sun Oct 04 08:09:39 UTC 2026","","sdk-go","",""
"","0","Test_openapi_IntegrationsAPIService/Test_IntegrationsAPIService_GetAccessPortalById","","Sun Oct 04 08:09:39 UTC 2026","skipped","Sun Oct 04 08:09:39 UTC 2026","","sdk-go","",""
"","0","Test_openapi_APIKeysAPIService/Test_APIKeysAPIService_ListApiKeys","","Sun Oct 04 08:09:39 UTC 2026","skipped","Sun Oct 04 08:09:39 UTC 2026","","sdk-go","",""
"","0","Test_openapi_MediaAPIService/Test_MediaAPIService_PostDeviceImage","","Sun Oct 04 08:09:39 UTC 2026","skipped","Sun Oct 04 08:09:39 UTC 2026","","sdk-go","",""
"","0","Test_openapi_LocationsAPIService/Test_LocationsAPIService_ListOrgLocations","","Sun Oct 04 08:09:39 UTC 2026","skipped","Sun Oct 04 08:09:39 UTC 2026","","sdk-go","",""
"","0","Test_openapi_IntegrationsAPIService/Test_IntegrationsAPIService_HardDeleteIntegration","","Sun Oct 04 08:09:39 UTC 2026","skipped","Sun Oct 04 08:09:39 UTC 2026","","sdk-go","",""
"","0","Test_openapi_EntitiesAPIService/Test_EntitiesAPIService_HardDeleteEntity","","Sun Oct 04 08:09:39 UTC 2026","skipped","Sun Oct 04 08:09:39 UTC 2026","","sdk-go","",""
"","0","Test_openapi_StoreAPIService/Test_StoreAPIService_ListProducts","","Sun Oct 04 08:09:39 UTC 2026","skipped","Sun Oct 04 08:09:39 UTC 2026","","sdk-go","",""
"","0","Test_openapi_MediaAPIService/Test_MediaAPIService_GetUserImage","","Sun Oct 04 08:09:39 UTC 2026","skipped","Sun Oct 04 08:09:39 UTC 2026","","sdk-go","",""
"","0","Test_openapi_APIKeysAPIService/Test_APIKeysAPIService_CreateApiKey","","Sun Oct 04 08:09:39 UTC 2026","skipped","Sun Oct 04 08:09:39 UTC 2026","","sdk-go","",""
"","0","Test_openapi_LocationsAPIService/Test_LocationsAPIService_GetLocation","","Sun Oct 04 08:09:39 UTC 2026","skipped","Sun Oct 04 08:09:39 UTC 2026","","sdk-go","",""
"","0","TestCoreRoundTripper_NilRequestReturnsError","","Sun Oct 04 08:09:39 UTC 2026","passed","Sun Oct 04 08:09:39 UTC 2026","","sdk-go","",""
"","0","Test_openapi_APIKeysAPIService/Test_APIKeysAPIService_RevokeApiKey","","Sun Oct 04 08:09:39 UTC 2026","skipped","Sun Oct 04 08:09:39 UTC 2026","","sdk-go","",""
"","6","Test_openapi_ZonesAPIService","","Sun Oct 04 08:09:39 UTC 2026","passed","Sun Oct 04 08:09:39 UTC 2026","","sdk-go","",""
"","2","Fetch a single organization by id","","Sun Oct 04 08:08:20 UTC 2026","passed","Sun Oct 04 08:08:20 UTC 2026","","","",""
"","6","Test_openapi_EntitiesAPIService","","Sun Oct 04 08:09:39 UTC 2026","passed","Sun Oct 04 08:09:39 UTC 2026","","sdk-go","",""
"","0","Test_openapi_MediaAPIService/Test_MediaAPIService_PostEntityImage","","Sun Oct 04 08:09:39 UTC 2026","skipped","Sun Oct 04 08:09:39 UTC 2026","","sdk-go","",""
"","1","Public invite metadata is readable by token","","Sun Oct 04 08:08:20 UTC 2026","passed","Sun Oct 04 08:08:20 UTC 2026","","","",""
"","0","Test_openapi_AuditAPIService/Test_AuditAPIService_UpdateWebhook","","Sun Oct 04 08:09:39 UTC 2026","skipped","Sun Oct 04 08:09:39 UTC 2026","","sdk-go","",""
"","0","Test_openapi_EntitiesAPIService/Test_EntitiesAPIService_CreateEntity","","Sun Oct 04 08:09:39 UTC 2026","skipped","Sun Oct 04 08:09:39 UTC 2026","","sdk-go","",""
"","6","Test_openapi_LANAgentAPIService","","Sun Oct 04 08:09:39 UTC 2026","passed","Sun Oct 04 08:09:39 UTC 2026","","sdk-go","",""
"","0","Test_openapi_IntegrationsAPIService/Test_IntegrationsAPIService_GetIntegrationProviderDefinition","","Sun Oct 04 08:09:39 UTC 2026","skipped","Sun Oct 04 08:09:39 UTC 2026","","sdk-go","",""
"","0","Test_openapi_StoreAPIService/Test_StoreAPIService_CreatePortal","","Sun Oct 04 08:09:39 UTC 2026","skipped","Sun Oct 04 08:09:39 UTC 2026","","sdk-go","",""
"","0","Test_openapi_PublicAccessAPIService/Test_PublicAccessAPIService_PostPublicPortalSessions","","Sun Oct 04 08:09:39 UTC 2026","skipped","Sun Oct 04 08:09:39 UTC 2026","","sdk-go","",""
"","0","Test_openapi_PoliciesAPIService/Test_PoliciesAPIService_ListIntegrationPolicies","","Sun Oct 04 08:09:39 UTC 2026","skipped","Sun Oct 04 08:09:39 UTC 2026","","sdk-go","",""
"","0","test_integrations_get_by_name_ambiguous","tests.unit","Sun Oct 04 08:08:19 UTC 2026","passed","Sun Oct 04 08:08:19 UTC 2026","","test_get_by_name","",""
"","1","Org collection list returns an envelope","","Sun Oct 04 08:08:20 UTC 2026","passed","Sun Oct 04 08:08:20 UTC 2026","","","",""
"","0","Test_openapi_IntegrationsAPIService/Test_IntegrationsAPIService_UpdateIntegrationAccessPortal","","Sun Oct 04 08:09:39 UTC 2026","skipped","Sun Oct 04 08:09:39 UTC 2026","","sdk-go","",""
"","0","Test_openapi_DevicesAPIService/Test_DevicesAPIService_GetDoorRestrictions","","Sun Oct 04 08:09:39 UTC 2026","skipped","Sun Oct 04 08:09:39 UTC 2026","","sdk-go","",""
"","0","Test_openapi_StoreAPIService/Test_StoreAPIService_MyStoreCatalog","","Sun Oct 04 08:09:39 UTC 2026","skipped","Sun Oct 04 08:09:39 UTC 2026","","sdk-go","",""
"","0","Test_openapi_IntegrationsAPIService/Test_IntegrationsAPIService_ListIntegrationProviderTypes","","Sun Oct 04 08:09:39 UTC 2026","skipped","Sun Oct 04 08:09:39 UTC 2026","","sdk-go","",""
"","0","Test_openapi_OrgsAPIService/Test_OrgsAPIService_CreateOrg","","Sun Oct 04 08:09:39 UTC 2026","skipped","Sun Oct 04 08:09:39 UTC 2026","","sdk-go","",""
"","0","Test_openapi_PublicAccessAPIService/Test_PublicAccessAPIService_PostPublicSessionDecline","","Sun Oct 04 08:09:39 UTC 2026","skipped","Sun Oct 04 08:09:39 UTC 2026","","sdk-go","",""
"","7","Test_openapi_AgentsAPIService","","Sun Oct 04 08:09:39 UTC 2026","passed","Sun Oct 04 08:09:39 UTC 2026","","sdk-go","",""
"","0","Test_openapi_EntitiesAPIService/Test_EntitiesAPIService_GetEntity","","Sun Oct 04 08:09:39 UTC 2026","skipped","Sun Oct 04 08:09:39 UTC 2026","","sdk-go","",""
"","0","TestGherkinTier1/SDK_is_importable_and_version_is_defined","","Sun Oct 04 08:09:39 UTC 2026","passed","Sun Oct 04 08:09:39 UTC 2026","","sdk-go","",""
"","5","Test_openapi_HouseholdInvitationsAPIService","","Sun Oct 04 08:09:39 UTC 2026","passed","Sun Oct 04 08:09:39 UTC 2026","","sdk-go","",""
"","0","Test_openapi_BillingAPIService/Test_BillingAPIService_GetOrgBillingPlan","","Sun Oct 04 08:09:39 UTC 2026","skipped","Sun Oct 04 08:09:39 UTC 2026","","sdk-go","",""
"","0","Test_openapi_OrgInvitationsAPIService/Test_OrgInvitationsAPIService_ResendInvitation","","Sun Oct 04 08:09:39 UTC 2026","skipped","Sun Oct 04 08:09:39 UTC 2026","","sdk-go","",""
"","0","Test_openapi_PoliciesAPIService/Test_PoliciesAPIService_CreateIntegrationPolicy","","Sun Oct 04 08:09:39 UTC 2026","skipped","Sun Oct 04 08:09:39 UTC 2026","","sdk-go","",""
"","0","Test_openapi_PoliciesAPIService/Test_PoliciesAPIService_DenyPolicyApproval","","Sun Oct 04 08:09:39 UTC 2026","skipped","Sun Oct 04 08:09:39 UTC 2026","","sdk-go","",""
"","0","Test_openapi_PoliciesAPIService/Test_PoliciesAPIService_UpdateOrgPolicy","","Sun Oct 04 08:09:39 UTC 2026","skipped","Sun Oct 04 08:09:39 UTC 2026","","sdk-go","",""
"","0","Test_openapi_AgentsAPIService/Test_AgentsAPIService_UpdateAgent","","Sun Oct 04 08:09:39 UTC 2026","skipped","Sun Oct 04 08:09:39 UTC 2026","","sdk-go","",""
"","0","Test_openapi_AuditAPIService/Test_AuditAPIService_CreateWebhook","","Sun Oct 04 08:09:39 UTC 2026","skipped","Sun Oct 04 08:09:39 UTC 2026","","sdk-go","",""
"","0","Test_openapi_GroupsAPIService/Test_GroupsAPIService_GetGroup","","Sun Oct 04 08:09:39 UTC 2026","skipped","Sun Oct 04 08:09:39 UTC 2026","","sdk-go","",""
"","0","test_api_base_url_appends_versioned_prefix","tests.unit","Sun Oct 04 08:08:19 UTC 2026","passed","Sun Oct 04 08:08:19 UTC 2026","","test_token","",""
"","0","Test_openapi_PoliciesAPIService/Test_PoliciesAPIService_ListOrgPolicies","","Sun Oct 04 08:09:39 UTC 2026","skipped","Sun Oct 04 08:09:39 UTC 2026","","sdk-go","",""
"","0","Test_openapi_PublicAccessAPIService/Test_PublicAccessAPIService_PostPublicInviteExecute","","Sun Oct 04 08:09:39 UTC 2026","skipped","Sun Oct 04 08:09:39 UTC 2026","","sdk-go","",""
"","0","Test_openapi_AuditAPIService/Test_AuditAPIService_ListAuditEvents","","Sun Oct 04 08:09:39 UTC 2026","skipped","Sun Oct 04 08:09:39 UTC 2026","","sdk-go","",""
"","0","test_api_payload","tests.unit","Sun Oct 04 08:08:19 UTC 2026","passed","Sun Oct 04 08:08:19 UTC 2026","","test_errors","",""
"","0","Test_openapi_BillingAPIService/Test_BillingAPIService_GetAdminQuotaOverrides","","Sun Oct 04 08:09:39 UTC 2026","skipped","Sun Oct 04 08:09:39 UTC 2026","","sdk-go","",""
"","0","Test_openapi_BillingAPIService/Test_BillingAPIService_PostOrgBillingPortal","","Sun Oct 04 08:09:39 UTC 2026","skipped","Sun Oct 04 08:09:39 UTC 2026","","sdk-go","",""
"","0","Test_openapi_DirectoryAPIService/Test_DirectoryAPIService_UpdateDirectoryConfig","","Sun Oct 04 08:09:39 UTC 2026","skipped","Sun Oct 04 08:09:39 UTC 2026","","sdk-go","",""
"","8","TestGeneratedCall_PreservesEscapedPathParameters","","Sun Oct 04 08:09:39 UTC 2026","passed","Sun Oct 04 08:09:39 UTC 2026","","sdk-go","",""
"","0","Test_openapi_StoreAPIService/Test_StoreAPIService_ListMembers","","Sun Oct 04 08:09:39 UTC 2026","skipped","Sun Oct 04 08:09:39 UTC 2026","","sdk-go","",""
"","1","test_full_api_key_is_passed_to_bridge","tests.unit","Sun Oct 04 08:08:19 UTC 2026","passed","Sun Oct 04 08:08:19 UTC 2026","","test_client","",""
"","1","SDK is importable and version is defined","","Sun Oct 04 08:08:20 UTC 2026","passed","Sun Oct 04 08:08:20 UTC 2026","","","",""
"","0","Test_openapi_UsersAPIService/Test_UsersAPIService_CreateUser","","Sun Oct 04 08:09:39 UTC 2026","skipped","Sun Oct 04 08:09:39 UTC 2026","","sdk-go","",""
"","0","Test_openapi_PublicAccessAPIService/Test_PublicAccessAPIService_PostPublicInviteSession","","Sun Oct 04 08:09:39 UTC 2026","skipped","Sun Oct 04 08:09:39 UTC 2026","","sdk-go","",""
"","0","Test_openapi_UsersAPIService/Test_UsersAPIService_AddRoles","","Sun Oct 04 08:09:39 UTC 2026","skipped","Sun Oct 04 08:09:39 UTC 2026","","sdk-go","",""
"","0","Test_openapi_GroupsAPIService/Test_GroupsAPIService_ListOrgGroups","","Sun Oct 04 08:09:39 UTC 2026","skipped","Sun Oct 04 08:09:39 UTC 2026","","sdk-go","",""
"","0","test_deserialize_payload","tests.unit","Sun Oct 04 08:08:19 UTC 2026","passed","Sun Oct 04 08:08:19 UTC 2026","","test_errors","",""
"","0","test_entity_upload_image_sends_multipart","tests.unit","Sun Oct 04 08:08:19 UTC 2026","passed","Sun Oct 04 08:08:19 UTC 2026","","test_client","",""
"","0","Test_openapi_MediaAPIService/Test_MediaAPIService_DeleteDeviceImage","","Sun Oct 04 08:09:39 UTC 2026","skipped","Sun Oct 04 08:09:39 UTC 2026","","sdk-go","",""
"","0","Test_openapi_AuditAPIService/Test_AuditAPIService_ListWebhooks","","Sun Oct 04 08:09:39 UTC 2026","skipped","Sun Oct 04 08:09:39 UTC 2026","","sdk-go","",""
"","0","Test_openapi_StoreAPIService/Test_StoreAPIService_CreateInventory","","Sun Oct 04 08:09:39 UTC 2026","skipped","Sun Oct 04 08:09:39 UTC 2026","","sdk-go","",""
"","0","Test_openapi_IntegrationsAPIService/Test_IntegrationsAPIService_UpdateIntegration","","Sun Oct 04 08:09:39 UTC 2026","skipped","Sun Oct 04 08:09:39 UTC 2026","","sdk-go","",""
"","0","test_entity_handle_aliases_map_to_actions[open-open]","tests.unit","Sun Oct 04 08:08:19 UTC 2026","passed","Sun Oct 04 08:08:19 UTC 2026","","test_client","",""
"","5","Test_openapi_PoliciesAPIService","","Sun Oct 04 08:09:39 UTC 2026","passed","Sun Oct 04 08:09:39 UTC 2026","","sdk-go","",""
"","0","Test_openapi_AgentsAPIService/Test_AgentsAPIService_CreateAlias","","Sun Oct 04 08:09:39 UTC 2026","skipped","Sun Oct 04 08:09:39 UTC 2026","","sdk-go","",""
"","0","Test_openapi_StoreAPIService/Test_StoreAPIService_UpdateStore","","Sun Oct 04 08:09:39 UTC 2026","skipped","Sun Oct 04 08:09:39 UTC 2026","","sdk-go","",""
"","0","Test_openapi_OrgInvitationsAPIService/Test_OrgInvitationsAPIService_CancelInvitation","","Sun Oct 04 08:09:39 UTC 2026","skipped","Sun Oct 04 08:09:39 UTC 2026","","sdk-go","",""
"","0","Test_openapi_MediaAPIService/Test_MediaAPIService_DeleteIntegrationImage","","Sun Oct 04 08:09:39 UTC 2026","skipped","Sun Oct 04 08:09:39 UTC 2026","","sdk-go","",""
"","0","Test_openapi_PublicAccessAPIService/Test_PublicAccessAPIService_GetPublicSession","","Sun Oct 04 08:09:39 UTC 2026","skipped","Sun Oct 04 08:09:39 UTC 2026","","sdk-go","",""
"","0","Test_openapi_IntegrationsAPIService/Test_IntegrationsAPIService_CreateIntegrationAccessPortal","","Sun Oct 04 08:09:39 UTC 2026","skipped","Sun Oct 04 08:09:39 UTC 2026","","sdk-go","",""
"","0","Test_openapi_AgentsAPIService/Test_AgentsAPIService_McpJsonrpc","","Sun Oct 04 08:09:39 UTC 2026","skipped","Sun Oct 04 08:09:39 UTC 2026","","sdk-go","",""
"","0","Test_openapi_EntitiesAPIService/Test_EntitiesAPIService_ExecuteEntityAction","","Sun Oct 04 08:09:39 UTC 2026","skipped","Sun Oct 04 08:09:39 UTC 2026","","sdk-go","",""
"","7","TestCoreRoundTripper_JSONAcceptUsesJSONPath","","Sun Oct 04 08:09:39 UTC 2026","passed","Sun Oct 04 08:09:39 UTC 2026","","sdk-go","",""
"","0","test_integrations_get_by_name_not_found","tests.unit","Sun Oct 04 08:08:19 UTC 2026","passed","Sun Oct 04 08:08:19 UTC 2026","","test_get_by_name","",""
"","0","Test_openapi_PoliciesAPIService/Test_PoliciesAPIService_CreateOrgPolicy","","Sun Oct 04 08:09:39 UTC 2026","skipped","Sun Oct 04 08:09:39 UTC 2026","","sdk-go","",""
"","7","TestBridgeIntegrationsGetByName","","Sun Oct 04 08:09:39 UTC 2026","passed","Sun Oct 04 08:09:39 UTC 2026","","sdk-go","",""
"","0","test_entity_handle_action_invokes_path_segments","tests.unit","Sun Oct 04 08:08:19 UTC 2026","passed","Sun Oct 04 08:08:19 UTC 2026","","test_client","",""
"","0","Test_openapi_PublicAccessAPIService/Test_PublicAccessAPIService_GetPublicPortalReachable","","Sun Oct 04 08:09:39 UTC 2026","skipped","Sun Oct 04 08:09:39 UTC 2026","","sdk-go","",""
"","0","Test_openapi_AgentsAPIService/Test_AgentsAPIService_CreateSkill","","Sun Oct 04 08:09:39 UTC 2026","skipped","Sun Oct 04 08:09:39 UTC 2026","","sdk-go","",""
"","0","Test_openapi_StoreAPIService/Test_StoreAPIService_CreateProduct","","Sun Oct 04 08:09:39 UTC 2026","skipped","Sun Oct 04 08:09:39 UTC 2026","","sdk-go","",""
"","0","Test_openapi_IntegrationsAPIService/Test_IntegrationsAPIService_DeleteIntegrationAccessPortal","","Sun Oct 04 08:09:39 UTC 2026","skipped","Sun Oct 04 08:09:39 UTC 2026","","sdk-go","",""
"","0","Test_openapi_MeAPIService/Test_MeAPIService_GetMePushSubscriptionStatus","","Sun Oct 04 08:09:39 UTC 2026","skipped","Sun Oct 04 08:09:39 UTC 2026","","sdk-go","",""
"","0","Test_openapi_DevicesAPIService/Test_DevicesAPIService_CreateDevice","","Sun Oct 04 08:09:39 UTC 2026","skipped","Sun Oct 04 08:09:39 UTC 2026","","sdk-go","",""
"","2","Status GET returns JSON","","Sun Oct 04 08:08:20 UTC 2026","passed","Sun Oct 04 08:08:20 UTC 2026","","","",""
"","0","Test_openapi_HouseholdInvitationsAPIService/Create","","Sun Oct 04 08:09:39 UTC 2026","skipped","Sun Oct 04 08:09:39 UTC 2026","","sdk-go","",""
"","5","Test_openapi_DirectoryListingMembersAPIService","","Sun Oct 04 08:09:39 UTC 2026","passed","Sun Oct 04 08:09:39 UTC 2026","","sdk-go","",""
"","1","Test_openapi_ScriptingAPIService/Test_ScriptingAPIService_CreateScriptingExecution","","Sun Oct 04 08:09:39 UTC 2026","skipped","Sun Oct 04 08:09:39 UTC 2026","","sdk-go","",""
"","0","Test_openapi_PoliciesAPIService/Test_PoliciesAPIService_UpdateIntegrationPolicy","","Sun Oct 04 08:09:39 UTC 2026","skipped","Sun Oct 04 08:09:39 UTC 2026","","sdk-go","",""
"","0","Test_openapi_ScriptingAPIService/Test_ScriptingAPIService_CancelScriptingExecution","","Sun Oct 04 08:09:39 UTC 2026","skipped","Sun Oct 04 08:09:39 UTC 2026","","sdk-go","",""
"","0","Test_openapi_StoreAPIService/Test_StoreAPIService_ListPortals","","Sun Oct 04 08:09:39 UTC 2026","skipped","Sun Oct 04 08:09:39 UTC 2026","","sdk-go","",""
"","0","test_rejects_empty_secret","tests.unit","Sun Oct 04 08:08:19 UTC 2026","passed","Sun Oct 04 08:08:19 UTC 2026","","test_token","",""
"","0","Test_openapi_IntegrationsAPIService/Test_IntegrationsAPIService_GetIntegration","","Sun Oct 04 08:09:39 UTC 2026","skipped","Sun Oct 04 08:09:39 UTC 2026","","sdk-go","",""
"","0","Test_openapi_StoreAPIService/Test_StoreAPIService_CreateStore","","Sun Oct 04 08:09:39 UTC 2026","skipped","Sun Oct 04 08:09:39 UTC 2026","","sdk-go","",""
"","0","Test_openapi_StatusAPIService/Test_StatusAPIService_GetBackendStatus","","Sun Oct 04 08:09:39 UTC 2026","skipped","Sun Oct 04 08:09:39 UTC 2026","","sdk-go","",""
"","0","Test_openapi_IntegrationsAPIService/Test_IntegrationsAPIService_ListIntegrationEntities","","Sun Oct 04 08:09:39 UTC 2026","skipped","Sun Oct 04 08:09:39 UTC 2026","","sdk-go","",""
"","0","test_rejects_non_http_scheme","tests.unit","Sun Oct 04 08:08:19 UTC 2026","passed","Sun Oct 04 08:08:19 UTC 2026","","test_token","",""
"","1","test_scripting_cancel_execution_deletes","tests.unit","Sun Oct 04 08:08:19 UTC 2026","passed","Sun Oct 04 08:08:19 UTC 2026","","test_client","",""
"","0","Test_openapi_GroupsAPIService/Test_GroupsAPIService_CreateGroup","","Sun Oct 04 08:09:39 UTC 2026","skipped","Sun Oct 04 08:09:39 UTC 2026","","sdk-go","",""
"","1","Test_openapi_AgentsAPIService/Test_AgentsAPIService_CreatePmsConnector","","Sun Oct 04 08:09:39 UTC 2026","skipped","Sun Oct 04 08:09:39 UTC 2026","","sdk-go","",""
"","3","Test_openapi_LocationsAPIService","","Sun Oct 04 08:09:39 UTC 2026","passed","Sun Oct 04 08:09:39 UTC 2026","","sdk-go","",""
"","6","TestCoreRoundTripper_AcceptEventStreamUsesStreamPath","","Sun Oct 04 08:09:39 UTC 2026","passed","Sun Oct 04 08:09:39 UTC 2026","","sdk-go","",""
"","5","TestGherkinTier1/Fetch_a_single_organization_by_id","","Sun Oct 04 08:09:39 UTC 2026","passed","Sun Oct 04 08:09:39 UTC 2026","","sdk-go","",""
"","0","Test_openapi_LocationsAPIService/Test_LocationsAPIService_ListIntegrationLocations","","Sun Oct 04 08:09:39 UTC 2026","skipped","Sun Oct 04 08:09:39 UTC 2026","","sdk-go","",""
"","1","test_entity_handle_aliases_map_to_actions[close-close]","tests.unit","Sun Oct 04 08:08:19 UTC 2026","passed","Sun Oct 04 08:08:19 UTC 2026","","test_client","",""
"","7","TestBridgeStreamRequestDeliverChunks","","Sun Oct 04 08:09:39 UTC 2026","passed","Sun Oct 04 08:09:39 UTC 2026","","sdk-go","",""
"","0","test_rejects_missing_separator","tests.unit","Sun Oct 04 08:08:19 UTC 2026","passed","Sun Oct 04 08:08:19 UTC 2026","","test_token","",""
"","0","Test_openapi_GroupsAPIService/Test_GroupsAPIService_DeleteGroupMember","","Sun Oct 04 08:09:39 UTC 2026","skipped","Sun Oct 04 08:09:39 UTC 2026","","sdk-go","",""
"","2","Entity action maps to POST","","Sun Oct 04 08:08:20 UTC 2026","passed","Sun Oct 04 08:08:20 UTC 2026","","","",""
"","0","Test_openapi_StoreAPIService/Test_StoreAPIService_AddMember","","Sun Oct 04 08:09:39 UTC 2026","skipped","Sun Oct 04 08:09:39 UTC 2026","","sdk-go","",""
"","0","Test_openapi_AuditAPIService/Test_AuditAPIService_CreateAuditExport","","Sun Oct 04 08:09:39 UTC 2026","skipped","Sun Oct 04 08:09:39 UTC 2026","","sdk-go","",""
"","0","Test_openapi_DirectoryListingMembersAPIService/Test_DirectoryListingMembersAPIService_AddDirectoryListingMember","","Sun Oct 04 08:09:39 UTC 2026","skipped","Sun Oct 04 08:09:39 UTC 2026","","sdk-go","",""
"","0","Test_openapi_OrgsAPIService/Test_OrgsAPIService_ListOrgs","","Sun Oct 04 08:09:39 UTC 2026","skipped","Sun Oct 04 08:09:39 UTC 2026","","sdk-go","",""
"","6","TestGherkinTier1/Status_GET_returns_JSON","","Sun Oct 04 08:09:39 UTC 2026","passed","Sun Oct 04 08:09:39 UTC 2026","","sdk-go","",""
"","0","Test_openapi_DevicesAPIService/Test_DevicesAPIService_GetDeviceMetadataDefinition","","Sun Oct 04 08:09:39 UTC 2026","skipped","Sun Oct 04 08:09:39 UTC 2026","","sdk-go","",""
"","8","Test_openapi_StoreAPIService","","Sun Oct 04 08:09:39 UTC 2026","passed","Sun Oct 04 08:09:39 UTC 2026","","sdk-go","",""
"","1","test_billing_plan_uses_org_billing_path","tests.unit","Sun Oct 04 08:08:19 UTC 2026","passed","Sun Oct 04 08:08:19 UTC 2026","","test_client","",""
"","0","Test_openapi_GroupsAPIService/Test_GroupsAPIService_ListGroupAdmissions","","Sun Oct 04 08:09:39 UTC 2026","skipped","Sun Oct 04 08:09:39 UTC 2026","","sdk-go","",""
"","0","Test_openapi_StoreAPIService/Test_StoreAPIService_ListInventory","","Sun Oct 04 08:09:39 UTC 2026","skipped","Sun Oct 04 08:09:39 UTC 2026","","sdk-go","",""
"","1","Current user invitations are listed","","Sun Oct 04 08:08:20 UTC 2026","passed","Sun Oct 04 08:08:20 UTC 2026","","","",""
"","0","Test_openapi_MediaAPIService/Test_MediaAPIService_GetEntityImage","","Sun Oct 04 08:09:39 UTC 2026","skipped","Sun Oct 04 08:09:39 UTC 2026","","sdk-go","",""
"","0","Test_openapi_OrgsAPIService/Test_OrgsAPIService_GetOrgPermissions","","Sun Oct 04 08:09:39 UTC 2026","skipped","Sun Oct 04 08:09:39 UTC 2026","","sdk-go","",""
"","0","Test_openapi_DirectoryListingMembersAPIService/Test_DirectoryListingMembersAPIService_UpdateDirectoryListingMember","","Sun Oct 04 08:09:39 UTC 2026","skipped","Sun Oct 04 08:09:39 UTC 2026","","sdk-go","",""
"","0","Test_openapi_OrganizationsAPIService/Test_OrganizationsAPIService_GetOrgPrivacy","","Sun Oct 04 08:09:39 UTC 2026","skipped","Sun Oct 04 08:09:39 UTC 2026","","sdk-go","",""
"","0","Test_openapi_GroupsAPIService/Test_GroupsAPIService_DecideGroupAdmission","","Sun Oct 04 08:09:39 UTC 2026","skipped","Sun Oct 04 08:09:39 UTC 2026","","sdk-go","",""
"","0","test_upload_image_from_url_rejects_non_http","tests.unit","Sun Oct 04 08:08:19 UTC 2026","passed","Sun Oct 04 08:08:19 UTC 2026","","test_client","",""
"","5","Test_openapi_VirtualAccessAPIService","","Sun Oct 04 08:09:39 UTC 2026","passed","Sun Oct 04 08:09:39 UTC 2026","","sdk-go","",""
"","0","test_scripting_get_execution_reads_by_id","tests.unit","Sun Oct 04 08:08:19 UTC 2026","passed","Sun Oct 04 08:08:19 UTC 2026","","test_client","",""
"","1","Public invite claim returns a session envelope","","Sun Oct 04 08:08:20 UTC 2026","passed","Sun Oct 04 08:08:20 UTC 2026","","","",""
"","0","test_device_upload_image_sends_multipart","tests.unit","Sun Oct 04 08:08:19 UTC 2026","passed","Sun Oct 04 08:08:19 UTC 2026","","test_client","",""
"","4","Test_openapi_OrgsAPIService","","Sun Oct 04 08:09:39 UTC 2026","passed","Sun Oct 04 08:09:39 UTC 2026","","sdk-go","",""
"","0","test_parses_valid_token","tests.unit","Sun Oct 04 08:08:19 UTC 2026","passed","Sun Oct 04 08:08:19 UTC 2026","","test_token","",""
"","0","Test_openapi_PublicAccessAPIService/Test_PublicAccessAPIService_PostPublicInviteClaim","","Sun Oct 04 08:09:39 UTC 2026","skipped","Sun Oct 04 08:09:39 UTC 2026","","sdk-go","",""
"","0","Test_openapi_HouseholdInvitationsAPIService/ListManager","","Sun Oct 04 08:09:39 UTC 2026","skipped","Sun Oct 04 08:09:39 UTC 2026","","sdk-go","",""
"","5","TestGherkinTier1/Current_user_invitations_are_listed","","Sun Oct 04 08:09:39 UTC 2026","passed","Sun Oct 04 08:09:39 UTC 2026","","sdk-go","",""
"","0","Test_openapi_MediaAPIService/Test_MediaAPIService_PostIntegrationImageCopyFrom","","Sun Oct 04 08:09:39 UTC 2026","skipped","Sun Oct 04 08:09:39 UTC 2026","","sdk-go","",""
"","6","TestGherkinTier1/Pending_and_expired_invites_appear_together","","Sun Oct 04 08:09:39 UTC 2026","passed","Sun Oct 04 08:09:39 UTC 2026","","sdk-go","",""
"","0","test_scripting_list_executions_omits_absent_limit","tests.unit","Sun Oct 04 08:08:19 UTC 2026","passed","Sun Oct 04 08:08:19 UTC 2026","","test_client","",""
"","0","Test_openapi_StoreAPIService/Test_StoreAPIService_CreateBillingAccount","","Sun Oct 04 08:09:39 UTC 2026","skipped","Sun Oct 04 08:09:39 UTC 2026","","sdk-go","",""
"","0","TestWantsCoreStreamTransport_RecognizesHeaderAndAccept","","Sun Oct 04 08:09:39 UTC 2026","passed","Sun Oct 04 08:09:39 UTC 2026","","sdk-go","",""
"","0","Test_openapi_EntitiesAPIService/Test_EntitiesAPIService_ListDeviceEntities","","Sun Oct 04 08:09:39 UTC 2026","skipped","Sun Oct 04 08:09:39 UTC 2026","","sdk-go","",""
"","0","Test_openapi_PublicAccessAPIService/Test_PublicAccessAPIService_PostPublicPortalOpen","","Sun Oct 04 08:09:39 UTC 2026","skipped","Sun Oct 04 08:09:39 UTC 2026","","sdk-go","",""
"","0","test_device_upload_image_from_url_get_then_post","tests.unit","Sun Oct 04 08:08:19 UTC 2026","passed","Sun Oct 04 08:08:19 UTC 2026","","test_client","",""
"","5","Test_openapi_APIKeysAPIService","","Sun Oct 04 08:09:39 UTC 2026","passed","Sun Oct 04 08:09:39 UTC 2026","","sdk-go","",""
"","0","Test_openapi_ZonesAPIService/Test_ZonesAPIService_GetZone","","Sun Oct 04 08:09:39 UTC 2026","skipped","Sun Oct 04 08:09:39 UTC 2026","","sdk-go","",""
"","0","Test_openapi_EntitiesAPIService/Test_EntitiesAPIService_UpdateEntity","","Sun Oct 04 08:09:39 UTC 2026","skipped","Sun Oct 04 08:09:39 UTC 2026","","sdk-go","",""
"","0","Test_openapi_MediaAPIService/Test_MediaAPIService_GetOrgImage","","Sun Oct 04 08:09:39 UTC 2026","skipped","Sun Oct 04 08:09:39 UTC 2026","","sdk-go","",""
"","0","test_rejects_empty_token","tests.unit","Sun Oct 04 08:08:19 UTC 2026","passed","Sun Oct 04 08:08:19 UTC 2026","","test_token","",""
"","0","test_http_payload","tests.unit","Sun Oct 04 08:08:19 UTC 2026","passed","Sun Oct 04 08:08:19 UTC 2026","","test_errors","",""
"","1","Pending and expired invites appear together","","Sun Oct 04 08:08:20 UTC 2026","passed","Sun Oct 04 08:08:20 UTC 2026","","","",""
"","8","TestBridgeJSONRequestAsyncRoundtrip","","Sun Oct 04 08:09:39 UTC 2026","passed","Sun Oct 04 08:09:39 UTC 2026","","sdk-go","",""
"","0","Test_openapi_AgentsAPIService/Test_AgentsAPIService_ResolveOrgQuery","","Sun Oct 04 08:09:39 UTC 2026","skipped","Sun Oct 04 08:09:39 UTC 2026","","sdk-go","",""
"","0","Test_openapi_AgentsAPIService/Test_AgentsAPIService_CopilotChat","","Sun Oct 04 08:09:39 UTC 2026","skipped","Sun Oct 04 08:09:39 UTC 2026","","sdk-go","",""
"","0","Test_openapi_StoreAPIService/Test_StoreAPIService_DeleteInventory","","Sun Oct 04 08:09:39 UTC 2026","skipped","Sun Oct 04 08:09:39 UTC 2026","","sdk-go","",""
"","0","Test_openapi_UsersAPIService/Test_UsersAPIService_UpdateUser","","Sun Oct 04 08:09:39 UTC 2026","skipped","Sun Oct 04 08:09:39 UTC 2026","","sdk-go","",""
"","0","Test_openapi_PublicAccessAPIService/Test_PublicAccessAPIService_PostPublicSessionNotifyMessage","","Sun Oct 04 08:09:39 UTC 2026","skipped","Sun Oct 04 08:09:39 UTC 2026","","sdk-go","",""
"","0","Test_openapi_EntitiesAPIService/Test_EntitiesAPIService_ListEntities","","Sun Oct 04 08:09:39 UTC 2026","skipped","Sun Oct 04 08:09:39 UTC 2026","","sdk-go","",""
"","4","Test_openapi_ScriptingAPIService","","Sun Oct 04 08:09:39 UTC 2026","passed","Sun Oct 04 08:09:39 UTC 2026","","sdk-go","",""
"","0","test_integrations_get_by_name_happy_path","tests.unit","Sun Oct 04 08:08:19 UTC 2026","passed","Sun Oct 04 08:08:19 UTC 2026","","test_get_by_name","",""
"","0","Test_openapi_AuditAPIService/Test_AuditAPIService_DeleteWebhook","","Sun Oct 04 08:09:39 UTC 2026","skipped","Sun Oct 04 08:09:39 UTC 2026","","sdk-go","",""
"","6","Test_openapi_StatusAPIService","","Sun Oct 04 08:09:39 UTC 2026","passed","Sun Oct 04 08:09:39 UTC 2026","","sdk-go","",""
"","0","Test_openapi_IntegrationsAPIService/Test_IntegrationsAPIService_UpdateIntegrationAccessInvite","","Sun Oct 04 08:09:39 UTC 2026","skipped","Sun Oct 04 08:09:39 UTC 2026","","sdk-go","",""
"","0","Test_openapi_LocationsAPIService/Test_LocationsAPIService_DeleteLocation","","Sun Oct 04 08:09:39 UTC 2026","skipped","Sun Oct 04 08:09:39 UTC 2026","","sdk-go","",""
"","0","Test_openapi_AuditAPIService/Test_AuditAPIService_GetAuditExport","","Sun Oct 04 08:09:39 UTC 2026","skipped","Sun Oct 04 08:09:39 UTC 2026","","sdk-go","",""
"","1","Test_openapi_HouseholdInvitationsAPIService/Resend","","Sun Oct 04 08:09:39 UTC 2026","skipped","Sun Oct 04 08:09:39 UTC 2026","","sdk-go","",""
"","0","Test_openapi_MediaAPIService/Test_MediaAPIService_PostDeviceImageCopyFrom","","Sun Oct 04 08:09:39 UTC 2026","skipped","Sun Oct 04 08:09:39 UTC 2026","","sdk-go","",""
"","0","test_status_get","tests.unit","Sun Oct 04 08:08:19 UTC 2026","passed","Sun Oct 04 08:08:19 UTC 2026","","test_client","",""
"","608","test_get_status_consumer_and_provider_roundtrip","tests.contract","Sun Oct 04 08:08:19 UTC 2026","passed","Sun Oct 04 08:08:19 UTC 2026","","test_status_pact","",""
"","0","Test_openapi_EntitiesAPIService/Test_EntitiesAPIService_GetEntityMetadataDefinition","","Sun Oct 04 08:09:39 UTC 2026","skipped","Sun Oct 04 08:09:39 UTC 2026","","sdk-go","",""
"","0","Test_openapi_BillingAPIService/Test_BillingAPIService_PostOrgBillingCheckout","","Sun Oct 04 08:09:39 UTC 2026","skipped","Sun Oct 04 08:09:39 UTC 2026","","sdk-go","",""
"","0","Test_openapi_DirectoryListingMembersAPIService/Test_DirectoryListingMembersAPIService_ListIntegrationDirectoryListingMembers","","Sun Oct 04 08:09:39 UTC 2026","skipped","Sun Oct 04 08:09:39 UTC 2026","","sdk-go","",""
"","0","Test_openapi_LocationsAPIService/Test_LocationsAPIService_PostLocationGeocode","","Sun Oct 04 08:09:39 UTC 2026","skipped","Sun Oct 04 08:09:39 UTC 2026","","sdk-go","",""
"","0","Test_openapi_MediaAPIService/Test_MediaAPIService_PostEntityImageCopyFrom","","Sun Oct 04 08:09:39 UTC 2026","skipped","Sun Oct 04 08:09:39 UTC 2026","","sdk-go","",""
"","0","Test_openapi_IntegrationsAPIService/Test_IntegrationsAPIService_ExecuteIntegrationOp","","Sun Oct 04 08:09:39 UTC 2026","skipped","Sun Oct 04 08:09:39 UTC 2026","","sdk-go","",""
"","0","test_auth_payload","tests.unit","Sun Oct 04 08:08:19 UTC 2026","passed","Sun Oct 04 08:08:19 UTC 2026","","test_errors","",""
"","6","Test_openapi_UsersAPIService","","Sun Oct 04 08:09:39 UTC 2026","passed","Sun Oct 04 08:09:39 UTC 2026","","sdk-go","",""
"","0","Test_openapi_StoreAPIService/Test_StoreAPIService_DecideRegistrationRequest","","Sun Oct 04 08:09:39 UTC 2026","skipped","Sun Oct 04 08:09:39 UTC 2026","","sdk-go","",""
"","0","Test_openapi_PublicAccessAPIService/Test_PublicAccessAPIService_GetPublicInvite","","Sun Oct 04 08:09:39 UTC 2026","skipped","Sun Oct 04 08:09:39 UTC 2026","","sdk-go","",""
"","0","Test_openapi_OrgsAPIService/Test_OrgsAPIService_ListOrgUsers","","Sun Oct 04 08:09:39 UTC 2026","skipped","Sun Oct 04 08:09:39 UTC 2026","","sdk-go","",""
"","0","Test_openapi_InvitationsAPIService/Test_InvitationsAPIService_PreviewInvitation","","Sun Oct 04 08:09:39 UTC 2026","skipped","Sun Oct 04 08:09:39 UTC 2026","","sdk-go","",""
"","0","Test_openapi_MediaAPIService/Test_MediaAPIService_PostOrgImage","","Sun Oct 04 08:09:39 UTC 2026","skipped","Sun Oct 04 08:09:39 UTC 2026","","sdk-go","",""
"","0","Test_openapi_DirectoryListingMembersAPIService/Test_DirectoryListingMembersAPIService_ListPeople","","Sun Oct 04 08:09:39 UTC 2026","skipped","Sun Oct 04 08:09:39 UTC 2026","","sdk-go","",""
"","0","Test_openapi_StoreAPIService/Test_StoreAPIService_RegisterToStore","","Sun Oct 04 08:09:39 UTC 2026","skipped","Sun Oct 04 08:09:39 UTC 2026","","sdk-go","",""
"","5","Test_openapi_IntegrationsAPIService","","Sun Oct 04 08:09:39 UTC 2026","passed","Sun Oct 04 08:09:39 UTC 2026","","sdk-go","",""
"","0","TestReadRequestBody_NilBodyReturnsNil","","Sun Oct 04 08:09:39 UTC 2026","passed","Sun Oct 04 08:09:39 UTC 2026","","sdk-go","",""
"","2","test_python_bridge_selected_by_env","tests.unit","Sun Oct 04 08:08:19 UTC 2026","passed","Sun Oct 04 08:08:19 UTC 2026","","test_bridge_selection","",""
"","0","Test_openapi_PublicAccessAPIService/Test_PublicAccessAPIService_GetPublicSessionStreams","","Sun Oct 04 08:09:39 UTC 2026","skipped","Sun Oct 04 08:09:39 UTC 2026","","sdk-go","",""
"","1","test_orgs_get_by_name","tests.unit","Sun Oct 04 08:08:19 UTC 2026","passed","Sun Oct 04 08:08:19 UTC 2026","","test_get_by_name","",""
"","0","Test_openapi_OrgsAPIService/Test_OrgsAPIService_GetOrg","","Sun Oct 04 08:09:39 UTC 2026","skipped","Sun Oct 04 08:09:39 UTC 2026","","sdk-go","",""
"","5","Test_openapi_BillingAPIService","","Sun Oct 04 08:09:39 UTC 2026","passed","Sun Oct 04 08:09:39 UTC 2026","","sdk-go","",""
"","0","Test_openapi_OrgsAPIService/Test_OrgsAPIService_HardDeleteOrg","","Sun Oct 04 08:09:39 UTC 2026","skipped","Sun Oct 04 08:09:39 UTC 2026","","sdk-go","",""
"","0","Test_openapi_OrgInvitationsAPIService/Test_OrgInvitationsAPIService_ListInvitations","","Sun Oct 04 08:09:39 UTC 2026","skipped","Sun Oct 04 08:09:39 UTC 2026","","sdk-go","",""
"","0","Test_openapi_DirectoryAPIService/Test_DirectoryAPIService_ApplyDirectoryListings","","Sun Oct 04 08:09:39 UTC 2026","skipped","Sun Oct 04 08:09:39 UTC 2026","","sdk-go","",""
"","0","Test_openapi_AgentsAPIService/Test_AgentsAPIService_CopilotCommit","","Sun Oct 04 08:09:39 UTC 2026","skipped","Sun Oct 04 08:09:39 UTC 2026","","sdk-go","",""
"","2","Org creation POST returns resource","","Sun Oct 04 08:08:20 UTC 2026","passed","Sun Oct 04 08:08:20 UTC 2026","","","",""
"","0","Test_openapi_AgentsAPIService/Test_AgentsAPIService_ListAliases","","Sun Oct 04 08:09:39 UTC 2026","skipped","Sun Oct 04 08:09:39 UTC 2026","","sdk-go","",""
"","0","Test_openapi_APIKeysAPIService/Test_APIKeysAPIService_PurgeApiKey","","Sun Oct 04 08:09:39 UTC 2026","skipped","Sun Oct 04 08:09:39 UTC 2026","","sdk-go","",""
"","0","Test_openapi_DirectoryListingMembersAPIService/Test_DirectoryListingMembersAPIService_DeletePerson","","Sun Oct 04 08:09:39 UTC 2026","skipped","Sun Oct 04 08:09:39 UTC 2026","","sdk-go","",""
"","0","Test_openapi_UsersAPIService/Test_UsersAPIService_HardDeleteUser","","Sun Oct 04 08:09:39 UTC 2026","skipped","Sun Oct 04 08:09:39 UTC 2026","","sdk-go","",""
"","0","Test_openapi_DirectoryAPIService/Test_DirectoryAPIService_PlanDirectoryListings","","Sun Oct 04 08:09:39 UTC 2026","skipped","Sun Oct 04 08:09:39 UTC 2026","","sdk-go","",""
"","6","TestGherkinTier1/Invitations_list_can_be_empty","","Sun Oct 04 08:09:39 UTC 2026","passed","Sun Oct 04 08:09:39 UTC 2026","","sdk-go","",""
"","0","test_repr_hides_secret","tests.unit","Sun Oct 04 08:08:19 UTC 2026","passed","Sun Oct 04 08:08:19 UTC 2026","","test_token","",""
"","5","Test_openapi_MediaAPIService","","Sun Oct 04 08:09:39 UTC 2026","passed","Sun Oct 04 08:09:39 UTC 2026","","sdk-go","",""
"","0","Test_openapi_MediaAPIService/Test_MediaAPIService_DeleteOrgImage","","Sun Oct 04 08:09:39 UTC 2026","skipped","Sun Oct 04 08:09:39 UTC 2026","","sdk-go","",""
"","0","Test_openapi_AgentsAPIService/Test_AgentsAPIService_PerceptionVisitorPresent","","Sun Oct 04 08:09:39 UTC 2026","skipped","Sun Oct 04 08:09:39 UTC 2026","","sdk-go","",""
"","0","Test_openapi_OrgsAPIService/Test_OrgsAPIService_DeleteOrg","","Sun Oct 04 08:09:39 UTC 2026","skipped","Sun Oct 04 08:09:39 UTC 2026","","sdk-go","",""
"","3","Revoked token surfaces as AuthError on org list","","Sun Oct 04 08:08:20 UTC 2026","passed","Sun Oct 04 08:08:20 UTC 2026","","","",""
"","7","Test_openapi_PublicAccessAPIService","","Sun Oct 04 08:09:39 UTC 2026","passed","Sun Oct 04 08:09:39 UTC 2026","","sdk-go","",""
"","0","Test_openapi_GroupsAPIService/Test_GroupsAPIService_ListGroupMembers","","Sun Oct 04 08:09:39 UTC 2026","skipped","Sun Oct 04 08:09:39 UTC 2026","","sdk-go","",""
"","0","Test_openapi_AgentsAPIService/Test_AgentsAPIService_PerceptionLpr","","Sun Oct 04 08:09:39 UTC 2026","skipped","Sun Oct 04 08:09:39 UTC 2026","","sdk-go","",""
"","0","Test_openapi_PoliciesAPIService/Test_PoliciesAPIService_ApprovePolicyApproval","","Sun Oct 04 08:09:39 UTC 2026","skipped","Sun Oct 04 08:09:39 UTC 2026","","sdk-go","",""
"","1","test_with_org_scopes_requests","tests.unit","Sun Oct 04 08:08:19 UTC 2026","passed","Sun Oct 04 08:08:19 UTC 2026","","test_client","",""
"","0","Test_openapi_UsersAPIService/Test_UsersAPIService_GetUser","","Sun Oct 04 08:09:39 UTC 2026","skipped","Sun Oct 04 08:09:39 UTC 2026","","sdk-go","",""
"","6","TestGherkinTier1/Public_invite_metadata_is_readable_by_token","","Sun Oct 04 08:09:39 UTC 2026","passed","Sun Oct 04 08:09:39 UTC 2026","","sdk-go","",""
"","2","List devices scoped to an organization","","Sun Oct 04 08:08:20 UTC 2026","passed","Sun Oct 04 08:08:20 UTC 2026","","","",""
"","6","TestCoreRoundTripper_MultipartUsesRawPath","","Sun Oct 04 08:09:39 UTC 2026","passed","Sun Oct 04 08:09:39 UTC 2026","","sdk-go","",""
"","7","TestNewAPIClientWithBaseURL_OverridesDerivedRoot","","Sun Oct 04 08:09:39 UTC 2026","passed","Sun Oct 04 08:09:39 UTC 2026","","sdk-go","",""
"","0","test_device_action_invokes_path_segments","tests.unit","Sun Oct 04 08:08:19 UTC 2026","passed","Sun Oct 04 08:08:19 UTC 2026","","test_client","",""
"","0","Test_openapi_ZonesAPIService/Test_ZonesAPIService_CreateZone","","Sun Oct 04 08:09:39 UTC 2026","skipped","Sun Oct 04 08:09:39 UTC 2026","","sdk-go","",""
"","5","TestGherkinTier1/Org_collection_list_returns_an_envelope","","Sun Oct 04 08:09:39 UTC 2026","passed","Sun Oct 04 08:09:39 UTC 2026","","sdk-go","",""
"","0","Test_openapi_MeAPIService/Test_MeAPIService_GetMePushVapidPublicKey","","Sun Oct 04 08:09:39 UTC 2026","skipped","Sun Oct 04 08:09:39 UTC 2026","","sdk-go","",""
"","0","Test_openapi_AgentsAPIService/Test_AgentsAPIService_CreateAgent","","Sun Oct 04 08:09:39 UTC 2026","skipped","Sun Oct 04 08:09:39 UTC 2026","","sdk-go","",""
"","0","test_org_upload_image_sends_multipart","tests.unit","Sun Oct 04 08:08:19 UTC 2026","passed","Sun Oct 04 08:08:19 UTC 2026","","test_client","",""
"","0","Test_openapi_BillingAPIService/Test_BillingAPIService_GetPlans","","Sun Oct 04 08:09:39 UTC 2026","skipped","Sun Oct 04 08:09:39 UTC 2026","","sdk-go","",""
"","8","TestGeneratedCall_SendsAPIKeyHeaderAndResolvesAgainstAPIRoot","","Sun Oct 04 08:09:39 UTC 2026","passed","Sun Oct 04 08:09:39 UTC 2026","","sdk-go","",""
"","0","Test_openapi_OrganizationsAPIService/Test_OrganizationsAPIService_PatchOrgPrivacy","","Sun Oct 04 08:09:39 UTC 2026","skipped","Sun Oct 04 08:09:39 UTC 2026","","sdk-go","",""
"","0","test_user_upload_image_sends_multipart","tests.unit","Sun Oct 04 08:08:19 UTC 2026","passed","Sun Oct 04 08:08:19 UTC 2026","","test_client","",""
"","0","Test_openapi_AgentsAPIService/Test_AgentsAPIService_RevokeAgent","","Sun Oct 04 08:09:39 UTC 2026","skipped","Sun Oct 04 08:09:39 UTC 2026","","sdk-go","",""
"","6","TestGherkinTier1/Entity_action_maps_to_POST","","Sun Oct 04 08:09:39 UTC 2026","passed","Sun Oct 04 08:09:39 UTC 2026","","sdk-go","",""
"","1","test_base_url_is_derived_as_origin_plus_api_prefix","tests.unit","Sun Oct 04 08:08:19 UTC 2026","passed","Sun Oct 04 08:08:19 UTC 2026","","test_client","",""
"","0","Test_openapi_VirtualAccessAPIService/Test_VirtualAccessAPIService_PostVirtualAccessDirectoryListingEnrich","","Sun Oct 04 08:09:39 UTC 2026","skipped","Sun Oct 04 08:09:39 UTC 2026","","sdk-go","",""
"","0","Test_openapi_MeAPIService/Test_MeAPIService_GetMeInvitations","","Sun Oct 04 08:09:39 UTC 2026","skipped","Sun Oct 04 08:09:39 UTC 2026","","sdk-go","",""
"","0","Test_openapi_StoreAPIService/Test_StoreAPIService_CreatePurchase","","Sun Oct 04 08:09:39 UTC 2026","skipped","Sun Oct 04 08:09:39 UTC 2026","","sdk-go","",""
"","6","Test_openapi_OrgInvitationsAPIService","","Sun Oct 04 08:09:39 UTC 2026","passed","Sun Oct 04 08:09:39 UTC 2026","","sdk-go","",""
"","0","Test_openapi_GroupsAPIService/Test_GroupsAPIService_AddGroupMember","","Sun Oct 04 08:09:39 UTC 2026","skipped","Sun Oct 04 08:09:39 UTC 2026","","sdk-go","",""
"","0","Test_openapi_PoliciesAPIService/Test_PoliciesAPIService_DeleteOrgPolicy","","Sun Oct 04 08:09:39 UTC 2026","skipped","Sun Oct 04 08:09:39 UTC 2026","","sdk-go","",""
"","0","Test_openapi_LANAgentAPIService/Test_LANAgentAPIService_GetIntegrationLanAgentTasks","","Sun Oct 04 08:09:39 UTC 2026","skipped","Sun Oct 04 08:09:39 UTC 2026","","sdk-go","",""
"","0","Test_openapi_StoreAPIService/Test_StoreAPIService_UpdateProduct","","Sun Oct 04 08:09:39 UTC 2026","skipped","Sun Oct 04 08:09:39 UTC 2026","","sdk-go","",""
"","6","TestGherkinTier1/Org_creation_POST_returns_resource","","Sun Oct 04 08:09:39 UTC 2026","passed","Sun Oct 04 08:09:39 UTC 2026","","sdk-go","",""
"","3","test_rust_bridge_required_when_native_extension_unavailable","tests.unit","Sun Oct 04 08:08:19 UTC 2026","passed","Sun Oct 04 08:08:19 UTC 2026","","test_bridge_selection","",""
"","0","Test_openapi_APIKeysAPIService/Test_APIKeysAPIService_RestoreApiKey","","Sun Oct 04 08:09:39 UTC 2026","skipped","Sun Oct 04 08:09:39 UTC 2026","","sdk-go","",""
"","0","Test_openapi_PublicAccessAPIService/Test_PublicAccessAPIService_PostPublicSessionOpen","","Sun Oct 04 08:09:39 UTC 2026","skipped","Sun Oct 04 08:09:39 UTC 2026","","sdk-go","",""
"","0","test_scripting_list_executions_passes_limit","tests.unit","Sun Oct 04 08:08:19 UTC 2026","passed","Sun Oct 04 08:08:19 UTC 2026","","test_client","",""
"","0","Test_openapi_MediaAPIService/Test_MediaAPIService_PostUserImage","","Sun Oct 04 08:09:39 UTC 2026","skipped","Sun Oct 04 08:09:39 UTC 2026","","sdk-go","",""
"","0","Test_openapi_StoreAPIService/Test_StoreAPIService_AddBillingAccountMember","","Sun Oct 04 08:09:39 UTC 2026","skipped","Sun Oct 04 08:09:39 UTC 2026","","sdk-go","",""
"","0","Test_openapi_IntegrationsAPIService/Test_IntegrationsAPIService_DeleteIntegrationAccessInvite","","Sun Oct 04 08:09:39 UTC 2026","skipped","Sun Oct 04 08:09:39 UTC 2026","","sdk-go","",""
"","1","test_explicit_base_url_overrides_derived_root","tests.unit","Sun Oct 04 08:08:19 UTC 2026","passed","Sun Oct 04 08:08:19 UTC 2026","","test_client","",""
"","2","Empty org name surfaces as ApiError","","Sun Oct 04 08:08:20 UTC 2026","passed","Sun Oct 04 08:08:20 UTC 2026","","","",""
"","0","test_scripting_execute_gives_up_when_not_terminal","tests.unit","Sun Oct 04 08:08:19 UTC 2026","passed","Sun Oct 04 08:08:19 UTC 2026","","test_client","",""
"","0","Test_openapi_AgentsAPIService/Test_AgentsAPIService_CreateAgentCredential","","Sun Oct 04 08:09:39 UTC 2026","skipped","Sun Oct 04 08:09:39 UTC 2026","","sdk-go","",""
"","1","Test_openapi_LANAgentAPIService/Test_LANAgentAPIService_PostIntegrationLanAgentTaskSpec","","Sun Oct 04 08:09:39 UTC 2026","skipped","Sun Oct 04 08:09:39 UTC 2026","","sdk-go","",""
"","0","test_entity_handle_aliases_map_to_actions[on-on]","tests.unit","Sun Oct 04 08:08:19 UTC 2026","passed","Sun Oct 04 08:08:19 UTC 2026","","test_client","",""
"","0","test_serialize_payload","tests.unit","Sun Oct 04 08:08:19 UTC 2026","passed","Sun Oct 04 08:08:19 UTC 2026","","test_errors","",""
"","5","TestGherkinTier1/List_devices_scoped_to_an_organization","","Sun Oct 04 08:09:39 UTC 2026","passed","Sun Oct 04 08:09:39 UTC 2026","","sdk-go","",""
"","0","Test_openapi_MediaAPIService/Test_MediaAPIService_GetIntegrationImage","","Sun Oct 04 08:09:39 UTC 2026","skipped","Sun Oct 04 08:09:39 UTC 2026","","sdk-go","",""
"","2","Org list succeeds after one transient 503","","Sun Oct 04 08:08:20 UTC 2026","passed","Sun Oct 04 08:08:20 UTC 2026","","","",""
"","96","TestGherkinTier1","","Sun Oct 04 08:09:39 UTC 2026","passed","Sun Oct 04 08:09:39 UTC 2026","","sdk-go","",""
"","0","Test_openapi_StoreAPIService/Test_StoreAPIService_MyStoreStatement","","Sun Oct 04 08:09:39 UTC 2026","skipped","Sun Oct 04 08:09:39 UTC 2026","","sdk-go","",""
"","0","Test_openapi_StoreAPIService/Test_StoreAPIService_ListBillingAccounts","","Sun Oct 04 08:09:39 UTC 2026","skipped","Sun Oct 04 08:09:39 UTC 2026","","sdk-go","",""
"","0","Test_openapi_StoreAPIService/Test_StoreAPIService_UpdateMember","","Sun Oct 04 08:09:39 UTC 2026","skipped","Sun Oct 04 08:09:39 UTC 2026","","sdk-go","",""
"","0","Test_openapi_ZonesAPIService/Test_ZonesAPIService_DeleteZone","","Sun Oct 04 08:09:39 UTC 2026","skipped","Sun Oct 04 08:09:39 UTC 2026","","sdk-go","",""
"","1","Test_openapi_EntitiesAPIService/Test_EntitiesAPIService_ListDeviceDirectoryFloors","","Sun Oct 04 08:09:39 UTC 2026","skipped","Sun Oct 04 08:09:39 UTC 2026","","sdk-go","",""
"","0","Test_openapi_ZonesAPIService/Test_ZonesAPIService_ListIntegrationZones","","Sun Oct 04 08:09:39 UTC 2026","skipped","Sun Oct 04 08:09:39 UTC 2026","","sdk-go","",""
"","5","Test_openapi_DevicesAPIService","","Sun Oct 04 08:09:39 UTC 2026","passed","Sun Oct 04 08:09:39 UTC 2026","","sdk-go","",""
"","0","Test_openapi_DevicesAPIService/Test_DevicesAPIService_GetDevice","","Sun Oct 04 08:09:39 UTC 2026","skipped","Sun Oct 04 08:09:39 UTC 2026","","sdk-go","",""
"","0","Test_openapi_BillingAPIService/Test_BillingAPIService_GetOrgBillingUpgradeOptions","","Sun Oct 04 08:09:39 UTC 2026","skipped","Sun Oct 04 08:09:39 UTC 2026","","sdk-go","",""
"","0","Test_openapi_EntitiesAPIService/Test_EntitiesAPIService_GetDeviceEntityMetadataDefinition","","Sun Oct 04 08:09:39 UTC 2026","skipped","Sun Oct 04 08:09:39 UTC 2026","","sdk-go","",""
"","0","Test_openapi_DevicesAPIService/Test_DevicesAPIService_HardDeleteDevice","","Sun Oct 04 08:09:39 UTC 2026","skipped","Sun Oct 04 08:09:39 UTC 2026","","sdk-go","",""
"","0","Test_openapi_StoreAPIService/Test_StoreAPIService_StoreStatementCsv","","Sun Oct 04 08:09:39 UTC 2026","skipped","Sun Oct 04 08:09:39 UTC 2026","","sdk-go","",""
"","0","Test_openapi_EntitiesAPIService/Test_EntitiesAPIService_PatchEntity","","Sun Oct 04 08:09:39 UTC 2026","skipped","Sun Oct 04 08:09:39 UTC 2026","","sdk-go","",""
"","0","Test_openapi_MediaAPIService/Test_MediaAPIService_DeleteUserImage","","Sun Oct 04 08:09:39 UTC 2026","skipped","Sun Oct 04 08:09:39 UTC 2026","","sdk-go","",""
"","0","Test_openapi_AgentsAPIService/Test_AgentsAPIService_ListAgents","","Sun Oct 04 08:09:39 UTC 2026","skipped","Sun Oct 04 08:09:39 UTC 2026","","sdk-go","",""
"","0","Test_openapi_PublicAccessAPIService/Test_PublicAccessAPIService_PostPublicSessionLights","","Sun Oct 04 08:09:39 UTC 2026","skipped","Sun Oct 04 08:09:39 UTC 2026","","sdk-go","",""
"","0","Test_openapi_AgentsAPIService/Test_AgentsAPIService_GetAgent","","Sun Oct 04 08:09:39 UTC 2026","skipped","Sun Oct 04 08:09:39 UTC 2026","","sdk-go","",""
"","6","Test_openapi_OrganizationsAPIService","","Sun Oct 04 08:09:39 UTC 2026","passed","Sun Oct 04 08:09:39 UTC 2026","","sdk-go","",""
"","6","Test_openapi_DirectoryAPIService","","Sun Oct 04 08:09:39 UTC 2026","passed","Sun Oct 04 08:09:39 UTC 2026","","sdk-go","",""
"","0","Test_openapi_IntegrationsAPIService/Test_IntegrationsAPIService_CreateIntegration","","Sun Oct 04 08:09:39 UTC 2026","skipped","Sun Oct 04 08:09:39 UTC 2026","","sdk-go","",""
"","1","test_orgs_create_propagates_body","tests.unit","Sun Oct 04 08:08:19 UTC 2026","passed","Sun Oct 04 08:08:19 UTC 2026","","test_client","",""
"","0","Test_openapi_InvitationsAPIService/Test_InvitationsAPIService_RedeemInvitation","","Sun Oct 04 08:09:39 UTC 2026","skipped","Sun Oct 04 08:09:39 UTC 2026","","sdk-go","",""
"","0","Test_openapi_IntegrationsAPIService/Test_IntegrationsAPIService_RestoreIntegrationAccessInvite","","Sun Oct 04 08:09:39 UTC 2026","skipped","Sun Oct 04 08:09:39 UTC 2026","","sdk-go","",""
"","1","test_json_error_maps_to_api_error","tests.unit","Sun Oct 04 08:08:19 UTC 2026","passed","Sun Oct 04 08:08:19 UTC 2026","","test_client","",""
"","0","Test_openapi_DevicesAPIService/Test_DevicesAPIService_ListDevices","","Sun Oct 04 08:09:39 UTC 2026","skipped","Sun Oct 04 08:09:39 UTC 2026","","sdk-go","",""
"","0","test_401_maps_to_auth_error","tests.unit","Sun Oct 04 08:08:19 UTC 2026","passed","Sun Oct 04 08:08:19 UTC 2026","","test_client","",""
"","7","TestBridgeDevicesGetByName","","Sun Oct 04 08:09:39 UTC 2026","passed","Sun Oct 04 08:09:39 UTC 2026","","sdk-go","",""
"","0","Test_openapi_DevicesAPIService/Test_DevicesAPIService_DeleteDevice","","Sun Oct 04 08:09:39 UTC 2026","skipped","Sun Oct 04 08:09:39 UTC 2026","","sdk-go","",""
"","0","Test_openapi_StoreAPIService/Test_StoreAPIService_GetPublicStore","","Sun Oct 04 08:09:39 UTC 2026","skipped","Sun Oct 04 08:09:39 UTC 2026","","sdk-go","",""
"","1","test_scripting_execute_sends_script_body","tests.unit","Sun Oct 04 08:08:19 UTC 2026","passed","Sun Oct 04 08:08:19 UTC 2026","","test_client","",""
"","0","Test_openapi_LocationsAPIService/Test_LocationsAPIService_PatchLocation","","Sun Oct 04 08:09:39 UTC 2026","skipped","Sun Oct 04 08:09:39 UTC 2026","","sdk-go","",""
"","0","Test_openapi_MeAPIService/Test_MeAPIService_GetMeDirectoryListings","","Sun Oct 04 08:09:39 UTC 2026","skipped","Sun Oct 04 08:09:39 UTC 2026","","sdk-go","",""
"","0","Test_openapi_ScriptingAPIService/Test_ScriptingAPIService_ListScriptingExecutions","","Sun Oct 04 08:09:39 UTC 2026","skipped","Sun Oct 04 08:09:39 UTC 2026","","sdk-go","",""
"","12","TestGherkinTier1/Org_list_succeeds_after_one_transient_503","","Sun Oct 04 08:09:39 UTC 2026","passed","Sun Oct 04 08:09:39 UTC 2026","","sdk-go","",""
"","0","test_rejects_non_url_base","tests.unit","Sun Oct 04 08:08:19 UTC 2026","passed","Sun Oct 04 08:08:19 UTC 2026","","test_token","",""
"","0","Test_openapi_AIAPIService/Test_AIAPIService_PostAiTranslateLocaleContent","","Sun Oct 04 08:09:39 UTC 2026","skipped","Sun Oct 04 08:09:39 UTC 2026","","sdk-go","",""
"","0","test_rejects_origin_with_path","tests.unit","Sun Oct 04 08:08:19 UTC 2026","passed","Sun Oct 04 08:08:19 UTC 2026","","test_token","",""
"","5","Test_openapi_AIAPIService","","Sun Oct 04 08:09:39 UTC 2026","passed","Sun Oct 04 08:09:39 UTC 2026","","sdk-go","",""
"","0","test_transport_payload","tests.unit","Sun Oct 04 08:08:19 UTC 2026","passed","Sun Oct 04 08:08:19 UTC 2026","","test_errors","",""
"","0","Test_openapi_MediaAPIService/Test_MediaAPIService_DeleteEntityImage","","Sun Oct 04 08:09:39 UTC 2026","skipped","Sun Oct 04 08:09:39 UTC 2026","","sdk-go","",""
"","0","Test_openapi_IntegrationsAPIService/Test_IntegrationsAPIService_GetIntegrationDiscoveredDevices","","Sun Oct 04 08:09:39 UTC 2026","skipped","Sun Oct 04 08:09:39 UTC 2026","","sdk-go","",""
"","0","Test_openapi_IntegrationsAPIService/Test_IntegrationsAPIService_ListIntegrationAccessPortals","","Sun Oct 04 08:09:39 UTC 2026","skipped","Sun Oct 04 08:09:39 UTC 2026","","sdk-go","",""
"","0","Test_openapi_ScriptingAPIService/Test_ScriptingAPIService_GetScriptingExecution","","Sun Oct 04 08:09:39 UTC 2026","skipped","Sun Oct 04 08:09:39 UTC 2026","","sdk-go","",""
"","0","Test_openapi_IntegrationsAPIService/Test_IntegrationsAPIService_ListIntegrations","","Sun Oct 04 08:09:39 UTC 2026","skipped","Sun Oct 04 08:09:39 UTC 2026","","sdk-go","",""
"","0","Test_openapi_StoreAPIService/Test_StoreAPIService_UpdateInventory","","Sun Oct 04 08:09:39 UTC 2026","skipped","Sun Oct 04 08:09:39 UTC 2026","","sdk-go","",""
"","0","Test_openapi_HouseholdInvitationsAPIService/Preview","","Sun Oct 04 08:09:39 UTC 2026","skipped","Sun Oct 04 08:09:39 UTC 2026","","sdk-go","",""
"","1","TestNewAPIClientWithBaseURL_RejectsEmptyBaseURL","","Sun Oct 04 08:09:39 UTC 2026","passed","Sun Oct 04 08:09:39 UTC 2026","","sdk-go","",""
"","0","Test_openapi_DirectoryAPIService/Test_DirectoryAPIService_GetDirectoryConfig","","Sun Oct 04 08:09:39 UTC 2026","skipped","Sun Oct 04 08:09:39 UTC 2026","","sdk-go","",""
"","0","Test_openapi_AgentsAPIService/Test_AgentsAPIService_ListSkills","","Sun Oct 04 08:09:39 UTC 2026","skipped","Sun Oct 04 08:09:39 UTC 2026","","sdk-go","",""
"","0","test_config_payload","tests.unit","Sun Oct 04 08:08:19 UTC 2026","passed","Sun Oct 04 08:08:19 UTC 2026","","test_errors","",""
"","1","test_sync_entity_handle_alias","tests.unit","Sun Oct 04 08:08:19 UTC 2026","passed","Sun Oct 04 08:08:19 UTC 2026","","test_client","",""
"","0","Test_openapi_DirectoryListingMembersAPIService/Test_DirectoryListingMembersAPIService_AddPerson","","Sun Oct 04 08:09:39 UTC 2026","skipped","Sun Oct 04 08:09:39 UTC 2026","","sdk-go","",""
"","0","Test_openapi_OrgsAPIService/Test_OrgsAPIService_UpdateOrg","","Sun Oct 04 08:09:39 UTC 2026","skipped","Sun Oct 04 08:09:39 UTC 2026","","sdk-go","",""
"","6","Test_openapi_AuditAPIService","","Sun Oct 04 08:09:39 UTC 2026","passed","Sun Oct 04 08:09:39 UTC 2026","","sdk-go","",""
"","0","Test_openapi_MeAPIService/Test_MeAPIService_PostMePushSubscription","","Sun Oct 04 08:09:39 UTC 2026","skipped","Sun Oct 04 08:09:39 UTC 2026","","sdk-go","",""
"","1","Invitations list can be empty","","Sun Oct 04 08:08:20 UTC 2026","passed","Sun Oct 04 08:08:20 UTC 2026","","","",""
"","0","test_integration_upload_image_sends_multipart","tests.unit","Sun Oct 04 08:08:19 UTC 2026","passed","Sun Oct 04 08:08:19 UTC 2026","","test_client","",""
"","0","Test_openapi_StoreAPIService/Test_StoreAPIService_ListRegistrationRequests","","Sun Oct 04 08:09:39 UTC 2026","skipped","Sun Oct 04 08:09:39 UTC 2026","","sdk-go","",""
"","0","Test_openapi_StoreAPIService/Test_StoreAPIService_GetStore","","Sun Oct 04 08:09:39 UTC 2026","skipped","Sun Oct 04 08:09:39 UTC 2026","","sdk-go","",""
"","0","Test_openapi_AgentsAPIService/Test_AgentsAPIService_DeleteAlias","","Sun Oct 04 08:09:39 UTC 2026","skipped","Sun Oct 04 08:09:39 UTC 2026","","sdk-go","",""
"","1","test_scripting_execute_raises_on_failed_job","tests.unit","Sun Oct 04 08:08:19 UTC 2026","passed","Sun Oct 04 08:08:19 UTC 2026","","test_client","",""
"","1","test_non_json_error_maps_to_http_error","tests.unit","Sun Oct 04 08:08:19 UTC 2026","passed","Sun Oct 04 08:08:19 UTC 2026","","test_client","",""
"","0","Test_openapi_DirectoryListingMembersAPIService/Test_DirectoryListingMembersAPIService_DeleteDirectoryListingMember","","Sun Oct 04 08:09:39 UTC 2026","skipped","Sun Oct 04 08:09:39 UTC 2026","","sdk-go","",""
"","0","Test_openapi_IntegrationsAPIService/Test_IntegrationsAPIService_GetIntegrationDeviceMetadataSchema","","Sun Oct 04 08:09:39 UTC 2026","skipped","Sun Oct 04 08:09:39 UTC 2026","","sdk-go","",""
"","5","Test_openapi_InvitationsAPIService","","Sun Oct 04 08:09:39 UTC 2026","passed","Sun Oct 04 08:09:39 UTC 2026","","sdk-go","",""
